Workbook
Name Estatísticas_dos_Dados_1: Estatísticas!$A$2:$I$17

Sheet Dados
A1: Fonte dos dados | B1: Ponto | C1: X | D1: Y | E1: Clima | F1: Prof. (cm) | G1: Ksat (cm/dia) | H1: Areia | I1: Silte | J1: Argila | K1: Densidade do solo (g/cm³) | L1: Porosidade Total (cm3/cm3) | M1: Macroporosidade (cm3/cm3) | N1: Teor de carbono orgânico (%) | O1: Tipo de uso do solo
A3: Miguel - Sanga Ellert | B3: 1 | C3: 345298.87 | D3: 6526821.3 | E3: Subtropical | F3: 0-20 | G3: 509.0306 | H3: 34.42555 | I3: 46.74561 | J3: =100-(H3+I3) -> 18.828841 | K3: 1.2793763 | L3: 0.51721648 | M3: 0.27065088 | N3: 0.644 | O3: Silvicultura
A4: Miguel - Sanga Ellert | B4: 2 | C4: 345374.49 | D4: 6526821.3 | E4: Subtropical | F4: 0-20 | G4: 1961.3069 | H4: 56.868388 | I4: 32.521612 | J4: 10.61 | K4: 1.480491 | L4: 0.44132414 | M4: 0.30349771 | N4: 0.239 | O4: Cultivo Anual
A5: Miguel - Sanga Ellert | B5: 3 | C5: 345450.1 | D5: 6526821.3 | E5: Subtropical | F5: 0-20 | G5: 167.96432 | H5: 52.521482 | I5: 26.866123 | J5: 20.612396 | K5: 1.7260223 | L5: 0.34867085 | M5: 0.1407555 | N5: 0.377 | O5: Cultivo Anual
A6: Miguel - Sanga Ellert | B6: 4 | C6: 344920.79 | D6: 6526920.5 | E6: Subtropical | F6: 0-20 | G6: 1656.1209 | H6: 49.045408 | I6: 30.926863 | J6: 20.027728 | K6: 1.3636451 | L6: 0.48541693 | M6: 0.26701812 | N6: 0.361 | O6: Pastagem Cultivada
A7: Miguel - Sanga Ellert | B7: 5 | C7: 344996.41 | D7: 6526920.5 | E7: Subtropical | F7: 0-20 | G7: 212.66077 | H7: 56.264052 | I7: 30.147648 | J7: 13.588299 | K7: 1.5710617 | L7: 0.40714653 | M7: 0.21848429 | N7: 0.345 | O7: Pastagem Cultivada
A8: Miguel - Sanga Ellert | B8: 6 | C8: 345072.03 | D8: 6526920.5 | E8: Subtropical | F8: 0-20 | G8: 480.26467 | H8: 62.328466 | I8: 30.780747 | J8: 6.8907861 | K8: 1.6016138 | L8: 0.39561742 | M8: 0.23557604 | N8: 0.126 | O8: Pastagem Cultivada
A9: Miguel - Sanga Ellert | B9: 7 | C9: 345147.64 | D9: 6526920.5 | E9: Subtropical | F9: 0-20 | G9: 411.86947 | H9: 62.353984 | I9: 29.316016 | J9: 8.33 | K9: 1.6629931 | L9: 0.37245543 | M9: 0.20498163 | N9: 0.224 | O9: Cultivo Anual
A10: Miguel - Sanga Ellert | B10: 8 | C10: 345223.26 | D10: 6526920.5 | E10: Subtropical | F10: 0-20 | G10: 477.92773 | H10: 57.925621 | I10: 33.614379 | J10: 8.46 | K10: 1.5875478 | L10: 0.40092536 | M10: 0.23363931 | N10: 0.363 | O10: Cultivo Anual
A11: Miguel - Sanga Ellert | B11: 9 | C11: 345298.87 | D11: 6526920.5 | E11: Subtropical | F11: 0-20 | G11: 2852.8839 | H11: 55.442341 | I11: 24.937659 | J11: 19.62 | K11: 1.3371013 | L11: 0.49543346 | M11: 0.30305493 | N11: 0.83 | O11: Mata nativa
A12: Miguel - Sanga Ellert | B12: 10 | C12: 345374.49 | D12: 6526920.5 | E12: Subtropical | F12: 0-20 | G12: 117.17694 | H12: 50.182911 | I12: 32.082743 | J12: 17.734346 | K12: 1.6323302 | L12: 0.38402635 | M12: 0.12461378 | N12: 0.33 | O12: Cultivo Anual
A13: Miguel - Sanga Ellert | B13: 11 | C13: 345450.1 | D13: 6526920.5 | E13: Subtropical | F13: 0-20 | G13: 1877.2307 | H13: 46.398201 | I13: 24.77698 | J13: 28.824819 | K13: 1.4468012 | L13: 0.45403729 | M13: 0.28158294 | N13: 0.525 | O13: Cultivo Anual
A14: Miguel - Sanga Ellert | B14: 12 | C14: 345525.72 | D14: 6526920.5 | E14: Subtropical | F14: 0-20 | G14: 503.04491 | H14: 50.164827 | I14: 27.177478 | J14: 22.657696 | K14: 1.6691274 | L14: 0.37014062 | M14: 0.16078836 | N14: 0.51 | O14: Cultivo Anual
A15: Miguel - Sanga Ellert | B15: 13 | C15: 344920.79 | D15: 6527019.6 | E15: Subtropical | F15: 0-20 | G15: 6021.3452 | H15: 36.852337 | I15: 27.713124 | J15: 35.434539 | K15: 0.8071145 | L15: 0.69542849 | M15: 0.46689647 | N15: 1.303 | O15: Mata nativa
... A484: Tres Passos | B484: 482 | C484: 208715.2 | D484: 6953395.9 | E484: Subtropical | F484: 7-20 | G484: 2552.706 | H484: 13.73002 | I484: 62.189637 | J484: 24.080343 | K484: 1.2318648 | L484: 0.53514535 | M484: 0.15456473 | N484: 1.6009281 | O484: Pastagem Cultivada

Sheet Estatísticas
B2: Amplitude | C2: Média | D2: Mediana | E2: Variância | F2: Desvio Padrão | G2: CV (%) | H2: Assimetria | I2: Curtose | J2: Teste de Normalidade
A3: Areia | B3: 86.775 | C3: 39.35 | D3: 39.348 | E3: 633.944 | F3: 25.178 | G3: 63.986 | H3: 0.224 | I3: -1.435 | J3: Rejeita normalidade
A4: Silte | B4: 72.131 | C4: 26.296 | D4: 23.675 | E4: 212.221 | F4: 14.568 | G4: 55.4 | H4: 0.901 | I4: 0.326 | J4: Rejeita normalidade
A5: Argila | B5: 78.884 | C5: 34.356 | D5: 23.882 | E5: 468.404 | F5: 21.643 | G5: 62.996 | H5: 0.579 | I5: -1.293 | J5: Rejeita normalidade
A6: Densidade do solo (g/cm³) | B6: 0.948 | C6: 1.393 | D6: 1.409 | E6: 0.03 | F6: 0.173 | G6: 12.41 | H6: -0.625 | I6: 0.249 | J6: Não rejeita normalidade
A7: Densidade de particula (g/cm³) | B7: 1.813 | C7: 2.242 | D7: 2.65 | E7: 0.326 | F7: 0.571 | G7: 25.466 | H7: -0.796 | I7: -1.25 | J7: Rejeita normalidade
A8: Porosidade Total (cm3/cm3) | B8: 0.407 | C8: 0.472 | D8: 0.469 | E8: 0.005 | F8: 0.07 | G8: 14.908 | H8: 0.385 | I8: -0.065 | J8: Não rejeita normalidade
A9: Porosidade Efetiva (cm3/cm3) | B9: 0.536 | C9: 0.219 | D9: 0.212 | E9: 0.008 | F9: 0.091 | G9: 41.404 | H9: 0.26 | I9: -0.237 | J9: Não rejeita normalidade
A10: Macroporosidade (cm3/cm3) | B10: 0.54 | C10: 0.227 | D10: 0.211 | E10: 0.015 | F10: 0.123 | G10: 54.177 | H10: 0.544 | I10: -0.506 | J10: Rejeita normalidade
A11: Microporosidade (cm3/cm3) | B11: 0.513 | C11: 0.246 | D11: 0.237 | E11: 0.013 | F11: 0.113 | G11: 46.196 | H11: -0.001 | I11: -0.567 | J11: Não rejeita normalidade
A12: Teor de carbono orgânico (%) | B12: 3.177 | C12: 1.635 | D12: 1.624 | E12: 0.487 | F12: 0.698 | G12: 42.683 | H12: -0.507 | I12: -0.24 | J12: Rejeita normalidade
A13: Teor de Matéria Organica (%) | B13: 5.476 | C13: 2.818 | D13: 2.8 | E13: 1.447 | F13: 1.203 | G13: 42.683 | H13: -0.507 | I13: -0.24 | J13: Rejeita normalidade
A14: Ksat (cm/dia) | B14: 17561.058 | C14: 973.437 | D14: 258.25 | E14: 2677932.1 | F14: 1636.439 | G14: 168.109 | H14: 3.561 | I14: 21.925 | J14: Rejeita normalidade
... A17: θ1500 | B17: 0.503 | C17: 0.174 | D17: 0.173 | E17: 0.006 | F17: 0.075 | G17: 43.07 | H17: 0.208 | I17: -0.406 | J17: Rejeita normalidade

Sheet PTFs
B1: WMssc | E1: WMsscbd
B2: Ponto | C2: Ksat | E2: Ponto | F2: Ksat
B3: 1 | C3: =10^(2.039-0.00874*Dados!I3-0.00723*Dados!J3) -> 31.211228 | E3: 1 | F3: =10^(3.998-0.0101*Dados!I3-0.0152*Dados!J3-1.163*Dados!K3) -> 56.462007
B4: 2 | C4: =10^(2.039-0.00874*Dados!I4-0.00723*Dados!J4) -> 47.648673 | E4: 2 | F4: =10^(3.998-0.0101*Dados!I4-0.0152*Dados!J4-1.163*Dados!K4) -> 61.157349
B5: 3 | C5: =10^(2.039-0.00874*Dados!I5-0.00723*Dados!J5) -> 45.202501 | E5: 3 | F5: =10^(3.998-0.0101*Dados!I5-0.0152*Dados!J5-1.163*Dados!K5) -> 25.467122
B6: 4 | C6: =10^(2.039-0.00874*Dados!I6-0.00723*Dados!J6) -> 42.062854 | E6: 4 | F6: =10^(3.998-0.0101*Dados!I6-0.0152*Dados!J6-1.163*Dados!K6) -> 62.416286
B7: 5 | C7: =10^(2.039-0.00874*Dados!I7-0.00723*Dados!J7) -> 47.562662 | E7: 5 | F7: =10^(3.998-0.0101*Dados!I7-0.0152*Dados!J7-1.163*Dados!K7) -> 45.690073 | K7: =44/10 -> 4.4
B8: 6 | C8: =10^(2.039-0.00874*Dados!I8-0.00723*Dados!J8) -> 52.499587 | E8: 6 | F8: =10^(3.998-0.0101*Dados!I8-0.0152*Dados!J8-1.163*Dados!K8) -> 52.444217 | K8: =K7*24 -> 105.6
B9: 7 | C9: =10^(2.039-0.00874*Dados!I9-0.00723*Dados!J9) -> 52.790055 | E9: 7 | F9: =10^(3.998-0.0101*Dados!I9-0.0152*Dados!J9-1.163*Dados!K9) -> 43.775515
B10: 8 | C10: =10^(2.039-0.00874*Dados!I10-0.00723*Dados!J10) -> 48.310833 | E10: 8 | F10: =10^(3.998-0.0101*Dados!I10-0.0152*Dados!J10-1.163*Dados!K10) -> 48.259707
B11: 9 | C11: =10^(2.039-0.00874*Dados!I11-0.00723*Dados!J11) -> 47.774072 | E11: 9 | F11: =10^(3.998-0.0101*Dados!I11-0.0152*Dados!J11-1.163*Dados!K11) -> 78.137011
B12: 10 | C12: =10^(2.039-0.00874*Dados!I12-0.00723*Dados!J12) -> 42.695048 | E12: 10 | F12: =10^(3.998-0.0101*Dados!I12-0.0152*Dados!J12-1.163*Dados!K12) -> 32.062859
B13: 11 | C13: =10^(2.039-0.00874*Dados!I13-0.00723*Dados!J13) -> 41.119304 | E13: 11 | F13: =10^(3.998-0.0101*Dados!I13-0.0152*Dados!J13-1.163*Dados!K13) -> 42.36288
B14: 12 | C14: =10^(2.039-0.00874*Dados!I14-0.00723*Dados!J14) -> 43.416389 | E14: 12 | F14: =10^(3.998-0.0101*Dados!I14-0.0152*Dados!J14-1.163*Dados!K14) -> 27.4104
B15: 13 | C15: =10^(2.039-0.00874*Dados!I15-0.00723*Dados!J15) -> 34.721268 | E15: 13 | F15: =10^(3.998-0.0101*Dados!I15-0.0152*Dados!J15-1.163*Dados!K15) -> 174.10783
B16: 14 | C16: =10^(2.039-0.00874*Dados!I16-0.00723*Dados!J16) -> 36.626074 | E16: 14 | F16: =10^(3.998-0.0101*Dados!I16-0.0152*Dados!J16-1.163*Dados!K16) -> 157.96361
B17: 15 | C17: =10^(2.039-0.00874*Dados!I17-0.00723*Dados!J17) -> 44.283549 | E17: 15 | F17: =10^(3.998-0.0101*Dados!I17-0.0152*Dados!J17-1.163*Dados!K17) -> 72.341344
B18: 16 | C18: =10^(2.039-0.00874*Dados!I18-0.00723*Dados!J18) -> 35.548731 | E18: 16 | F18: =10^(3.998-0.0101*Dados!I18-0.0152*Dados!J18-1.163*Dados!K18) -> 200.32646
B19: 17 | C19: =10^(2.039-0.00874*Dados!I19-0.00723*Dados!J19) -> 52.104908 | E19: 17 | F19: =10^(3.998-0.0101*Dados!I19-0.0152*Dados!J19-1.163*Dados!K19) -> 117.4515
B20: 18 | C20: =10^(2.039-0.00874*Dados!I20-0.00723*Dados!J20) -> 47.531783 | E20: 18 | F20: =10^(3.998-0.0101*Dados!I20-0.0152*Dados!J20-1.163*Dados!K20) -> 77.861193
... B457: 455 | C457: =10^(2.039-0.00874*Dados!I457-0.00723*Dados!J457) -> 22.027724 | E457: 455 | F457: =10^(3.998-0.0101*Dados!I457-0.0152*Dados!J457-1.163*Dados!K457) -> 34.388358
B458: 456 | C458: =10^(2.039-0.00874*Dados!#REF!-0.00723*Dados!#REF!) -> #REF! | E458: 456 | F458: =10^(3.998-0.0101*Dados!#REF!-0.0152*Dados!#REF!-1.163*Dados!#REF!) -> #REF!
B459: 457 | C459: =10^(2.039-0.00874*Dados!I458-0.00723*Dados!J458) -> 22.183476 | E459: 457 | F459: =10^(3.998-0.0101*Dados!I458-0.0152*Dados!J458-1.163*Dados!K458) -> 26.048083
B460: 458 | C460: =10^(2.039-0.00874*Dados!I459-0.00723*Dados!J459) -> 24.037089 | E460: 458 | F460: =10^(3.998-0.0101*Dados!I459-0.0152*Dados!J459-1.163*Dados!K459) -> 68.449556
B461: 459 | C461: =10^(2.039-0.00874*Dados!I460-0.00723*Dados!J460) -> 23.618947 | E461: 459 | F461: =10^(3.998-0.0101*Dados!I460-0.0152*Dados!J460-1.163*Dados!K460) -> 31.317016
B462: 460 | C462: =10^(2.039-0.00874*Dados!I461-0.00723*Dados!J461) -> 20.896915 | E462: 460 | F462: =10^(3.998-0.0101*Dados!I461-0.0152*Dados!J461-1.163*Dados!K461) -> 38.406521
B463: 461 | C463: =10^(2.039-0.00874*Dados!I462-0.00723*Dados!J462) -> 20.886262 | E463: 461 | F463: =10^(3.998-0.0101*Dados!I462-0.0152*Dados!J462-1.163*Dados!K462) -> 36.901452
B464: 462 | C464: =10^(2.039-0.00874*Dados!I463-0.00723*Dados!J463) -> 20.552176 | E464: 462 | F464: =10^(3.998-0.0101*Dados!I463-0.0152*Dados!J463-1.163*Dados!K463) -> 43.827273
B465: 463 | C465: =10^(2.039-0.00874*Dados!I464-0.00723*Dados!J464) -> 21.74737 | E465: 463 | F465: =10^(3.998-0.0101*Dados!I464-0.0152*Dados!J464-1.163*Dados!K464) -> 39.373994
B466: 464 | C466: =10^(2.039-0.00874*Dados!I465-0.00723*Dados!J465) -> 21.629933 | E466: 464 | F466: =10^(3.998-0.0101*Dados!I465-0.0152*Dados!J465-1.163*Dados!K465) -> 23.16122
B467: 465 | C467: =10^(2.039-0.00874*Dados!I466-0.00723*Dados!J466) -> 21.100402 | E467: 465 | F467: =10^(3.998-0.0101*Dados!I466-0.0152*Dados!J466-1.163*Dados!K466) -> 24.165478
B468: 466 | C468: =10^(2.039-0.00874*Dados!I467-0.00723*Dados!J467) -> 22.47544 | E468: 466 | F468: =10^(3.998-0.0101*Dados!I467-0.0152*Dados!J467-1.163*Dados!K467) -> 49.953159
B469: 467 | C469: =10^(2.039-0.00874*Dados!I468-0.00723*Dados!J468) -> 22.711935 | E469: 467 | F469: =10^(3.998-0.0101*Dados!I468-0.0152*Dados!J468-1.163*Dados!K468) -> 36.351063
B470: 468 | C470: =10^(2.039-0.00874*Dados!I469-0.00723*Dados!J469) -> 22.394581 | E470: 468 | F470: =10^(3.998-0.0101*Dados!I469-0.0152*Dados!J469-1.163*Dados!K469) -> 35.763152
... B485: 483 | C485: =10^(2.039-0.00874*Dados!I484-0.00723*Dados!J484) -> 20.958572 | E485: 483 | F485: =10^(3.998-0.0101*Dados!I484-0.0152*Dados!J484-1.163*Dados!K484) -> 37.256724
